{"cameraMode":{"drawMode":0,"name":"Shaded","section":"Shading Mode"},"sceneLighting":false,"audioPlay":false,"sceneViewState":{"showFog":true,"showMaterialUpdate":false,"showSkybox":true,"showFlares":true,"showImageEffects":true,"showParticleSystems":true},"in2DMode":false,"pivot":{"x":502.7750244140625,"y":1844.9000244140625,"z":-1.8000030517578126},"rotation":{"x":0.007499921601265669,"y":-0.00149995693936944,"z":0.000011249895578657743,"w":0.9999707937240601},"size":1641.552734375,"orthographic":false}